<?xml version="1.0" encoding="UTF-8"?><soapenv:Envelope xmlns:soapenv="http://schemas.xmlsoap.org/soap/envelope/" xmlns:xsd="http://www.w3.org/2001/XMLSchema" xmlns:xsi="http://www.w3.org/2001/XMLSchema-instance"><soapenv:Body><CreateCustomerOrder xmlns="https://oil.magnus.nl/"><order xmlns=""><order-no>975612966280</order-no><order-date>2021-01-17T19:21:01.000Z</order-date><created-by>Customer</created-by><original-order-no>975612966280</original-order-no><currency>EUR</currency><customer-locale>nl_NL</customer-locale><invoice-no>13334819</invoice-no><current-order-no>975612966280</current-order-no><site>NL-Internet</site><TouchPoint>WebShop</TouchPoint><customer><customer><customer-no>c8e58b9b-d528-4fdd-b7f1-c8ba6417e5a6</customer-no><customer_firstname>Vera</customer_firstname><customer_lastname>Groot</customer_lastname><customer-email>damgroot@gmail.com</customer-email><billing-address><billing-address><first-name>Vera</first-name><last-name>Groot</last-name><address1>Noordeinde 112</address1><city>Landsmeer</city><postal-code>1121 AH</postal-code><country-code>NL</country-code><phone>0206203918</phone><custom-attributes><custom-attribute><attribute-id>addressType</attribute-id><lang></lang><values><value><content>ADDRESS</content></value></values></custom-attribute><custom-attribute><attribute-id>customerAddressID</attribute-id><lang></lang><values><value><content>3e416bca-4602-4512-b68f-3ad78d872dbb</content></value></values></custom-attribute><custom-attribute><attribute-id>gender</attribute-id><lang></lang><values><value><content>female</content></value></values></custom-attribute><custom-attribute><attribute-id>loyaltyCardNumberForSaving</attribute-id><lang></lang><values><value><content>1711181216776</content></value></values></custom-attribute><custom-attribute xsi:nil="true"/></custom-attributes></billing-address></billing-address></customer></customer><status><status><order-status>3</order-status><shipping-status>0</shipping-status><confirmation-status>2</confirmation-status><payment-status>2</payment-status><export-status>2</export-status></status></status><product-lineitems><product-lineitem><net-price>9.91</net-price><tax>2.09</tax><gross-price>12.0</gross-price><base-price>12.0</base-price><lineitem-text>handdoek - 70 x 140 cm - hotelkwaliteit - wit</lineitem-text><product-id>5217010</product-id><product-name>handdoek - 70 x 140 cm - hotelkwaliteit - wit</product-name><quantity>1</quantity><unit></unit><tax-rate>0.21</tax-rate><shipment-id>HEMA</shipment-id><gift>false</gift><refundable-line-price>8.1</refundable-line-price><price-adjustments><price-adjustment><net-price>2.47</net-price><tax>0.53</tax><gross-price>3.0</gross-price><base-price>3.0</base-price><lineitem-text>3+1 gratis</lineitem-text><promotion-id>8000021060</promotion-id><campaign-id>8000021060</campaign-id><custom-attributes/></price-adjustment><price-adjustment><net-price>0.75</net-price><tax>0.15</tax><gross-price>0.9</gross-price><base-price>0.9</base-price><lineitem-text>Voucher 10% artikel naar keuze</lineitem-text><promotion-id>7000000559</promotion-id><campaign-id>7000000559</campaign-id><coupon-id>43666545</coupon-id><custom-attributes><custom-attribute><attribute-id>linePromotionType</attribute-id><lang></lang><values><value><content>7</content></value></values></custom-attribute><custom-attribute><attribute-id>RepVoucherId</attribute-id><lang></lang><values><value><content>1492</content></value></values></custom-attribute></custom-attributes></price-adjustment></price-adjustments><custom-attributes><custom-attribute><attribute-id>SAPPriceData</attribute-id><lang></lang><values><value><content>{&quot;vkp0&quot;:12.0}</content></value></values></custom-attribute><custom-attribute><attribute-id>savedLoyaltyPoints</attribute-id><lang></lang><values><value><content>8</content></value></values></custom-attribute><custom-attribute><attribute-id>savedLoyaltyPointsReason</attribute-id><lang></lang><values><value><content>Regular</content></value></values></custom-attribute><custom-attribute><attribute-id>DownPaymentAmount</attribute-id><lang></lang><values><value><content>8.1</content></value></values></custom-attribute><custom-attribute><attribute-id>ExternalOrderLineReference</attribute-id><lang></lang><values><value><content>1</content></value></values></custom-attribute></custom-attributes></product-lineitem><product-lineitem><net-price>9.92</net-price><tax>2.08</tax><gross-price>12.0</gross-price><base-price>12.0</base-price><lineitem-text>handdoek - 70 x 140 cm - hotelkwaliteit - wit</lineitem-text><product-id>5217010</product-id><product-name>handdoek - 70 x 140 cm - hotelkwaliteit - wit</product-name><quantity>1</quantity><unit></unit><tax-rate>0.21</tax-rate><shipment-id>HEMA</shipment-id><gift>false</gift><refundable-line-price>8.53</refundable-line-price><price-adjustments><price-adjustment><net-price>2.48</net-price><tax>0.52</tax><gross-price>3.0</gross-price><base-price>3.0</base-price><lineitem-text>3+1 gratis</lineitem-text><promotion-id>8000021060</promotion-id><campaign-id>8000021060</campaign-id><custom-attributes/></price-adjustment><price-adjustment><net-price>0.4</net-price><tax>0.07</tax><gross-price>0.47</gross-price><base-price>0.47</base-price><lineitem-text>Voucher 2.50 bij 15 besteding</lineitem-text><promotion-id>7000000610</promotion-id><campaign-id>7000000610</campaign-id><coupon-id>43664626</coupon-id><custom-attributes><custom-attribute><attribute-id>linePromotionType</attribute-id><lang></lang><values><value><content>7</content></value></values></custom-attribute><custom-attribute><attribute-id>RepVoucherId</attribute-id><lang></lang><values><value><content>1635</content></value></values></custom-attribute></custom-attributes></price-adjustment></price-adjustments><custom-attributes><custom-attribute><attribute-id>SAPPriceData</attribute-id><lang></lang><values><value><content>{&quot;vkp0&quot;:12.0}</content></value></values></custom-attribute><custom-attribute><attribute-id>savedLoyaltyPoints</attribute-id><lang></lang><values><value><content>9</content></value></values></custom-attribute><custom-attribute><attribute-id>savedLoyaltyPointsReason</attribute-id><lang></lang><values><value><content>Regular</content></value></values></custom-attribute><custom-attribute><attribute-id>DownPaymentAmount</attribute-id><lang></lang><values><value><content>8.53</content></value></values></custom-attribute><custom-attribute><attribute-id>ExternalOrderLineReference</attribute-id><lang></lang><values><value><content>1</content></value></values></custom-attribute></custom-attributes></product-lineitem><product-lineitem><net-price>9.92</net-price><tax>2.08</tax><gross-price>12.0</gross-price><base-price>12.0</base-price><lineitem-text>handdoek - 70 x 140 cm - hotelkwaliteit - wit</lineitem-text><product-id>5217010</product-id><product-name>handdoek - 70 x 140 cm - hotelkwaliteit - wit</product-name><quantity>1</quantity><unit></unit><tax-rate>0.21</tax-rate><shipment-id>HEMA</shipment-id><gift>false</gift><refundable-line-price>8.52</refundable-line-price><price-adjustments><price-adjustment><net-price>2.48</net-price><tax>0.52</tax><gross-price>3.0</gross-price><base-price>3.0</base-price><lineitem-text>3+1 gratis</lineitem-text><promotion-id>8000021060</promotion-id><campaign-id>8000021060</campaign-id><custom-attributes/></price-adjustment><price-adjustment><net-price>0.41000000000000003</net-price><tax>0.07</tax><gross-price>0.48</gross-price><base-price>0.48</base-price><lineitem-text>Voucher 2.50 bij 15 besteding</lineitem-text><promotion-id>7000000610</promotion-id><campaign-id>7000000610</campaign-id><coupon-id>43664626</coupon-id><custom-attributes><custom-attribute><attribute-id>linePromotionType</attribute-id><lang></lang><values><value><content>7</content></value></values></custom-attribute><custom-attribute><attribute-id>RepVoucherId</attribute-id><lang></lang><values><value><content>1635</content></value></values></custom-attribute></custom-attributes></price-adjustment></price-adjustments><custom-attributes><custom-attribute><attribute-id>SAPPriceData</attribute-id><lang></lang><values><value><content>{&quot;vkp0&quot;:12.0}</content></value></values></custom-attribute><custom-attribute><attribute-id>savedLoyaltyPoints</attribute-id><lang></lang><values><value><content>9</content></value></values></custom-attribute><custom-attribute><attribute-id>savedLoyaltyPointsReason</attribute-id><lang></lang><values><value><content>Regular</content></value></values></custom-attribute><custom-attribute><attribute-id>DownPaymentAmount</attribute-id><lang></lang><values><value><content>8.52</content></value></values></custom-attribute><custom-attribute><attribute-id>ExternalOrderLineReference</attribute-id><lang></lang><values><value><content>1</content></value></values></custom-attribute></custom-attributes></product-lineitem><product-lineitem><net-price>9.92</net-price><tax>2.08</tax><gross-price>12.0</gross-price><base-price>12.0</base-price><lineitem-text>handdoek - 70 x 140 cm - hotelkwaliteit - wit</lineitem-text><product-id>5217010</product-id><product-name>handdoek - 70 x 140 cm - hotelkwaliteit - wit</product-name><quantity>1</quantity><unit></unit><tax-rate>0.21</tax-rate><shipment-id>HEMA</shipment-id><gift>false</gift><refundable-line-price>8.53</refundable-line-price><price-adjustments><price-adjustment><net-price>2.48</net-price><tax>0.52</tax><gross-price>3.0</gross-price><base-price>3.0</base-price><lineitem-text>3+1 gratis</lineitem-text><promotion-id>8000021060</promotion-id><campaign-id>8000021060</campaign-id><custom-attributes/></price-adjustment><price-adjustment><net-price>0.4</net-price><tax>0.07</tax><gross-price>0.47</gross-price><base-price>0.47</base-price><lineitem-text>Voucher 2.50 bij 15 besteding</lineitem-text><promotion-id>7000000610</promotion-id><campaign-id>7000000610</campaign-id><coupon-id>43664626</coupon-id><custom-attributes><custom-attribute><attribute-id>linePromotionType</attribute-id><lang></lang><values><value><content>7</content></value></values></custom-attribute><custom-attribute><attribute-id>RepVoucherId</attribute-id><lang></lang><values><value><content>1635</content></value></values></custom-attribute></custom-attributes></price-adjustment></price-adjustments><custom-attributes><custom-attribute><attribute-id>SAPPriceData</attribute-id><lang></lang><values><value><content>{&quot;vkp0&quot;:12.0}</content></value></values></custom-attribute><custom-attribute><attribute-id>savedLoyaltyPoints</attribute-id><lang></lang><values><value><content>8</content></value></values></custom-attribute><custom-attribute><attribute-id>savedLoyaltyPointsReason</attribute-id><lang></lang><values><value><content>Regular</content></value></values></custom-attribute><custom-attribute><attribute-id>DownPaymentAmount</attribute-id><lang></lang><values><value><content>8.53</content></value></values></custom-attribute><custom-attribute><attribute-id>ExternalOrderLineReference</attribute-id><lang></lang><values><value><content>1</content></value></values></custom-attribute></custom-attributes></product-lineitem><product-lineitem><net-price>6.61</net-price><tax>1.39</tax><gross-price>8.0</gross-price><base-price>8.0</base-price><lineitem-text>hangrek 40x26 zwart</lineitem-text><product-id>39892900</product-id><product-name>hangrek 40x26 zwart</product-name><quantity>1</quantity><unit></unit><tax-rate>0.21</tax-rate><shipment-id>HEMA</shipment-id><gift>false</gift><refundable-line-price>5.97</refundable-line-price><price-adjustments><price-adjustment><net-price>1.4</net-price><tax>0.3</tax><gross-price>1.7</gross-price><base-price>1.7</base-price><lineitem-text>3+1 gratis</lineitem-text><promotion-id>8000021061</promotion-id><campaign-id>8000021061</campaign-id><custom-attributes/></price-adjustment><price-adjustment><net-price>0.28</net-price><tax>0.049999999999999996</tax><gross-price>0.33</gross-price><base-price>0.33</base-price><lineitem-text>Voucher 2.50 bij 15 besteding</lineitem-text><promotion-id>7000000610</promotion-id><campaign-id>7000000610</campaign-id><coupon-id>43664626</coupon-id><custom-attributes><custom-attribute><attribute-id>linePromotionType</attribute-id><lang></lang><values><value><content>7</content></value></values></custom-attribute><custom-attribute><attribute-id>RepVoucherId</attribute-id><lang></lang><values><value><content>1635</content></value></values></custom-attribute></custom-attributes></price-adjustment></price-adjustments><custom-attributes><custom-attribute><attribute-id>SAPPriceData</attribute-id><lang></lang><values><value><content>{&quot;vkp0&quot;:8.0}</content></value></values></custom-attribute><custom-attribute><attribute-id>savedLoyaltyPoints</attribute-id><lang></lang><values><value><content>6</content></value></values></custom-attribute><custom-attribute><attribute-id>savedLoyaltyPointsReason</attribute-id><lang></lang><values><value><content>Regular</content></value></values></custom-attribute><custom-attribute><attribute-id>DownPaymentAmount</attribute-id><lang></lang><values><value><content>5.97</content></value></values></custom-attribute><custom-attribute><attribute-id>ExternalOrderLineReference</attribute-id><lang></lang><values><value><content>2</content></value></values></custom-attribute></custom-attributes></product-lineitem><product-lineitem><net-price>4.54</net-price><tax>0.96</tax><gross-price>5.5</gross-price><base-price>5.5</base-price><lineitem-text>6-pak kledinghanger</lineitem-text><product-id>39811020</product-id><product-name>6-pak kledinghanger</product-name><quantity>1</quantity><unit></unit><tax-rate>0.21</tax-rate><shipment-id>HEMA</shipment-id><gift>false</gift><refundable-line-price>4.11</refundable-line-price><price-adjustments><price-adjustment><net-price>0.96</net-price><tax>0.2</tax><gross-price>1.16</gross-price><base-price>1.16</base-price><lineitem-text>3+1 gratis</lineitem-text><promotion-id>8000021061</promotion-id><campaign-id>8000021061</campaign-id><custom-attributes/></price-adjustment><price-adjustment><net-price>0.19</net-price><tax>0.04</tax><gross-price>0.23</gross-price><base-price>0.23</base-price><lineitem-text>Voucher 2.50 bij 15 besteding</lineitem-text><promotion-id>7000000610</promotion-id><campaign-id>7000000610</campaign-id><coupon-id>43664626</coupon-id><custom-attributes><custom-attribute><attribute-id>linePromotionType</attribute-id><lang></lang><values><value><content>7</content></value></values></custom-attribute><custom-attribute><attribute-id>RepVoucherId</attribute-id><lang></lang><values><value><content>1635</content></value></values></custom-attribute></custom-attributes></price-adjustment></price-adjustments><custom-attributes><custom-attribute><attribute-id>SAPPriceData</attribute-id><lang></lang><values><value><content>{&quot;vkp0&quot;:5.5}</content></value></values></custom-attribute><custom-attribute><attribute-id>savedLoyaltyPoints</attribute-id><lang></lang><values><value><content>4</content></value></values></custom-attribute><custom-attribute><attribute-id>savedLoyaltyPointsReason</attribute-id><lang></lang><values><value><content>Regular</content></value></values></custom-attribute><custom-attribute><attribute-id>DownPaymentAmount</attribute-id><lang></lang><values><value><content>4.11</content></value></values></custom-attribute><custom-attribute><attribute-id>ExternalOrderLineReference</attribute-id><lang></lang><values><value><content>3</content></value></values></custom-attribute></custom-attributes></product-lineitem><product-lineitem><net-price>4.55</net-price><tax>0.95</tax><gross-price>5.5</gross-price><base-price>5.5</base-price><lineitem-text>6-pak kledinghanger</lineitem-text><product-id>39811020</product-id><product-name>6-pak kledinghanger</product-name><quantity>1</quantity><unit></unit><tax-rate>0.21</tax-rate><shipment-id>HEMA</shipment-id><gift>false</gift><refundable-line-price>4.11</refundable-line-price><price-adjustments><price-adjustment><net-price>0.96</net-price><tax>0.2</tax><gross-price>1.16</gross-price><base-price>1.16</base-price><lineitem-text>3+1 gratis</lineitem-text><promotion-id>8000021061</promotion-id><campaign-id>8000021061</campaign-id><custom-attributes/></price-adjustment><price-adjustment><net-price>0.19</net-price><tax>0.04</tax><gross-price>0.23</gross-price><base-price>0.23</base-price><lineitem-text>Voucher 2.50 bij 15 besteding</lineitem-text><promotion-id>7000000610</promotion-id><campaign-id>7000000610</campaign-id><coupon-id>43664626</coupon-id><custom-attributes><custom-attribute><attribute-id>linePromotionType</attribute-id><lang></lang><values><value><content>7</content></value></values></custom-attribute><custom-attribute><attribute-id>RepVoucherId</attribute-id><lang></lang><values><value><content>1635</content></value></values></custom-attribute></custom-attributes></price-adjustment></price-adjustments><custom-attributes><custom-attribute><attribute-id>SAPPriceData</attribute-id><lang></lang><values><value><content>{&quot;vkp0&quot;:5.5}</content></value></values></custom-attribute><custom-attribute><attribute-id>savedLoyaltyPoints</attribute-id><lang></lang><values><value><content>4</content></value></values></custom-attribute><custom-attribute><attribute-id>savedLoyaltyPointsReason</attribute-id><lang></lang><values><value><content>Regular</content></value></values></custom-attribute><custom-attribute><attribute-id>DownPaymentAmount</attribute-id><lang></lang><values><value><content>4.11</content></value></values></custom-attribute><custom-attribute><attribute-id>ExternalOrderLineReference</attribute-id><lang></lang><values><value><content>3</content></value></values></custom-attribute></custom-attributes></product-lineitem><product-lineitem><net-price>5.79</net-price><tax>1.21</tax><gross-price>7.0</gross-price><base-price>7.0</base-price><lineitem-text>kartonnen opbergdoos 43.5x32.5x14.5</lineitem-text><product-id>39880021</product-id><product-name>kartonnen opbergdoos 43.5x32.5x14.5</product-name><quantity>1</quantity><unit></unit><tax-rate>0.21</tax-rate><shipment-id>HEMA</shipment-id><gift>false</gift><refundable-line-price>5.23</refundable-line-price><price-adjustments><price-adjustment><net-price>1.22</net-price><tax>0.26</tax><gross-price>1.48</gross-price><base-price>1.48</base-price><lineitem-text>3+1 gratis</lineitem-text><promotion-id>8000021061</promotion-id><campaign-id>8000021061</campaign-id><custom-attributes/></price-adjustment><price-adjustment><net-price>0.25</net-price><tax>0.04</tax><gross-price>0.29</gross-price><base-price>0.29</base-price><lineitem-text>Voucher 2.50 bij 15 besteding</lineitem-text><promotion-id>7000000610</promotion-id><campaign-id>7000000610</campaign-id><coupon-id>43664626</coupon-id><custom-attributes><custom-attribute><attribute-id>linePromotionType</attribute-id><lang></lang><values><value><content>7</content></value></values></custom-attribute><custom-attribute><attribute-id>RepVoucherId</attribute-id><lang></lang><values><value><content>1635</content></value></values></custom-attribute></custom-attributes></price-adjustment></price-adjustments><custom-attributes><custom-attribute><attribute-id>SAPPriceData</attribute-id><lang></lang><values><value><content>{&quot;vkp0&quot;:7.0}</content></value></values></custom-attribute><custom-attribute><attribute-id>savedLoyaltyPoints</attribute-id><lang></lang><values><value><content>5</content></value></values></custom-attribute><custom-attribute><attribute-id>savedLoyaltyPointsReason</attribute-id><lang></lang><values><value><content>Regular</content></value></values></custom-attribute><custom-attribute><attribute-id>DownPaymentAmount</attribute-id><lang></lang><values><value><content>5.23</content></value></values></custom-attribute><custom-attribute><attribute-id>ExternalOrderLineReference</attribute-id><lang></lang><values><value><content>4</content></value></values></custom-attribute></custom-attributes></product-lineitem></product-lineitems><shipping-lineitems><shipping-lineitem><net-price>0.0</net-price><tax>0.0</tax><gross-price>0.0</gross-price><base-price>0.0</base-price><lineitem-text>Shipping</lineitem-text><item-id>0</item-id><shipment-id>HEMA</shipment-id><tax-rate>0.21</tax-rate><custom-attributes><custom-attribute><attribute-id>VATCode</attribute-id><lang></lang><values><value><content>High</content></value></values></custom-attribute></custom-attributes></shipping-lineitem></shipping-lineitems><shipments><shipment><shipment-id>HEMA</shipment-id><shipping-method>deliveryByPost</shipping-method><gift>false</gift><shipment-status><shipment-status><shipping-status>0</shipping-status></shipment-status></shipment-status><shipping-address><shipping-address><first-name>Vera</first-name><last-name>Groot</last-name><address1>Noordeinde 112</address1><city>Landsmeer</city><postal-code>1121 AH</postal-code><country-code>NL</country-code><phone>0206203918</phone><custom-attributes><custom-attribute><attribute-id>addressType</attribute-id><lang></lang><values><value><content>ADDRESS</content></value></values></custom-attribute><custom-attribute><attribute-id>customerAddressID</attribute-id><lang></lang><values><value><content>3e416bca-4602-4512-b68f-3ad78d872dbb</content></value></values></custom-attribute><custom-attribute><attribute-id>gender</attribute-id><lang></lang><values><value><content>female</content></value></values></custom-attribute><custom-attribute xsi:nil="true"/></custom-attributes></shipping-address></shipping-address><custom-attributes><custom-attribute><attribute-id>active</attribute-id><lang></lang><values><value><content>true</content></value></values></custom-attribute><custom-attribute><attribute-id>deliveryTimeStampFrom</attribute-id><lang></lang><values><value><content>2021-01-18 16:00:00</content></value></values></custom-attribute><custom-attribute><attribute-id>deliveryTimeStampTill</attribute-id><lang></lang><values><value><content>2021-01-18 16:00:00</content></value></values></custom-attribute><custom-attribute><attribute-id>showDeliveryDates</attribute-id><lang></lang><values><value><content>false</content></value></values></custom-attribute><custom-attribute><attribute-id>storePickUpTodayPossible</attribute-id><lang></lang><values><value><content>false</content></value></values></custom-attribute></custom-attributes></shipment></shipments><totals><total><merchandize-total><merchandize-total><net-price>61.16</net-price><tax>12.84</tax><gross-price>74.0</gross-price><price-adjustments/></merchandize-total></merchandize-total><adjusted-merchandize-total><adjusted-merchandize-total><net-price>43.88</net-price><tax>9.22</tax><gross-price>53.1</gross-price></adjusted-merchandize-total></adjusted-merchandize-total><shipping-total><shipping-total><net-price>0.0</net-price><tax>0.0</tax><gross-price>0.0</gross-price></shipping-total></shipping-total><adjusted-shipping-total><adjusted-shipping-total><net-price>0.0</net-price><tax>0.0</tax><gross-price>0.0</gross-price></adjusted-shipping-total></adjusted-shipping-total><order-total><order-total><net-price>43.88</net-price><tax>9.22</tax><gross-price>53.1</gross-price></order-total></order-total></total></totals><payments/><custom-attributes><custom-attribute><attribute-id>Adyen_lastPaymentUpdate</attribute-id><lang></lang><values><value><content>2021-01-17 19:34:07</content></value></values></custom-attribute><custom-attribute><attribute-id>confirmationPageShown</attribute-id><lang></lang><values><value><content>true</content></value></values></custom-attribute><custom-attribute><attribute-id>downpaymentpercentage</attribute-id><lang></lang><values><value><content>100</content></value></values></custom-attribute><custom-attribute><attribute-id>hasBlankDesignCustomProduct</attribute-id><lang></lang><values><value><content>false</content></value></values></custom-attribute><custom-attribute><attribute-id>hemaId</attribute-id><lang></lang><values><value><content>c8e58b9b-d528-4fdd-b7f1-c8ba6417e5a6</content></value></values></custom-attribute><custom-attribute><attribute-id>loyaltyPoints</attribute-id><lang></lang><values><value><content>6</content></value></values></custom-attribute></custom-attributes></order></CreateCustomerOrder></soapenv:Body></soapenv:Envelope>