<?xml version="1.0" encoding="UTF-8"?><soapenv:Envelope xmlns:soapenv="http://schemas.xmlsoap.org/soap/envelope/" xmlns:xsd="http://www.w3.org/2001/XMLSchema" xmlns:xsi="http://www.w3.org/2001/XMLSchema-instance"><soapenv:Body><ConfirmCustomerOrder xmlns="https://oil.magnus.nl/"><ConfirmOrderRequest xmlns=""><order_no>975612966023</order_no><payments><payment><amount>11.45</amount><processor-id>Adyen</processor-id><psp><psp><event-code>AUTHORISATION</event-code><payment-method>ideal</payment-method><psp-reference>1636109110213386</psp-reference><value>11.45</value></psp></psp></payment></payments><site>NL-Internet</site></ConfirmOrderRequest></ConfirmCustomerOrder></soapenv:Body></soapenv:Envelope>